user_id,name,email,phone,address,payment_method
U1,David Russo,jeffrey44@example.com,578.820.8534x60622,Jimenezberg,Visa
U2,Parker Suarez,jorge47@example.net,536.410.5606x154,Mccormickville,Visa
U3,Mr. Roberto Harris,ngoodwin@example.com,585.716.3605,West Lauren,PayPal
U4,Anne Young,jennifer11@example.org,(489)256-0326x3884,Greerstad,PayPal
U5,Jason Murphy,ffuentes@example.com,663-919-0898x99762,Cooperland,PayPal
U6,Joseph Ryan,glenncraig@example.com,776.390.4408,West Carol,Visa
U7,Brianna Little,melindafarmer@example.com,6832505120,Deanmouth,PayPal
U8,Jennifer Adams,stevenramirez@example.net,+1-806-932-3318,West Kenneth,MasterCard
U9,Linda Ochoa,qwilkinson@example.net,001-383-898-0404x1648,North Benjaminport,MasterCard
U10,Adam Howard,ylam@example.org,+1-601-731-6894x29361,South Ashleybury,PayPal
U11,Joel Huff PhD,hardingvincent@example.net,001-900-323-0382,West Michael,MasterCard
U12,Michael Liu,deborahjones@example.org,9999999992,Burtonstad,PayPal
U13,Karen Jackson,brandoncross@example.net,(456)433-4378x2598,New Johntown,Visa
U14,Margaret Warner,normanheidi@example.net,(214)957-0473,South Lindsayport,MasterCard
U15,Tammy Davis,morganbrianna@example.org,+1-374-582-4445x418,New Jesse,Visa
U16,William Graves II,andersonheather@example.org,+1-764-530-7535,East Joseville,Visa
U17,Elizabeth Scott,brownrebecca@example.org,9999999992,Scottchester,MasterCard
U18,Matthew Williams,chadgeorge@example.org,(776)920-5327x00954,South Kimberlyfurt,Visa
U19,Julia Lopez,mario60@example.org,611.813.5941x19185,Christineville,MasterCard
U20,Matthew Brooks,amandagreen@example.net,001-696-349-6162,West Austin,Visa
U21,Lisa Juarez,benjaminmorrison@example.com,482.701.6107x3582,Anthonyberg,PayPal
U22,Amy Smith,deborah67@example.net,527-443-8145,Kathleenhaven,PayPal
U23,Stacey Roberts,trevinomartin@example.com,(329)201-2862,Paultown,Visa
U24,Mitchell Jenkins,mitchelllinda@example.com,001-913-768-4316x827,Guerrerostad,Visa
U25,Chad Ramirez,ashleylewis@example.org,8193876643,Kyleton,PayPal
U26,Jordan Parker,boothbarbara@example.com,654.691.1599,Orrmouth,MasterCard
U27,Angela Sparks,zfowler@example.org,+1-529-528-7798x644,Smithburgh,Visa
U28,Sierra Reed,ralphjohnson@example.net,9999999991,Lake Catherineton,Visa
U29,Alexandria Bryan,fholden@example.com,+1-649-904-2999x8476,East Lisa,Visa
U30,Angela Yang,mlopez@example.org,9999999993,West Margaretview,MasterCard
U31,Juan Huerta,sperry@example.com,9999999991,Rodriguezton,MasterCard
U32,Laura Miller,boyercourtney@example.net,001-356-325-8100x623,North Billmouth,PayPal
U33,Tami Riley,staceybrown@example.org,001-494-758-8213x970,Farrellberg,Visa
U34,Linda Waters,umcbride@example.com,+1-977-305-2044x86642,Lake Justinfurt,MasterCard
U35,Patrick Henderson,amber38@example.com,(264)543-6954x4904,Markbury,Visa
U36,Sandra Brown,gilbertstacie@example.net,001-643-286-3965,New Hannah,MasterCard
U37,William Campbell,owenstracy@example.net,+1-252-764-1937x8558,Phelpsburgh,Visa
U38,Jordan Garcia,david77@example.org,993.858.3510x40073,Penaport,Visa
U39,Tyler Richardson,richard90@example.net,410-627-8132,Port Alanburgh,PayPal
U40,James Guzman,dgallegos@example.net,927.291.9366x8817,East Samanthaside,MasterCard
U41,Jane Chambers,albertmason@example.com,+1-458-411-0394x9509,Cookhaven,Visa
U42,Nicholas Caldwell,kirbyjessica@example.net,001-868-301-6517x9193,North Amanda,MasterCard
U43,Shawn Taylor,james50@example.org,9999999992,East Marcus,MasterCard
U44,Luis Soto,petersoncarlos@example.net,001-902-599-7499x7823,Susanport,PayPal
U45,David Johnson,blankenshipcarly@example.net,001-411-416-1125,East Renee,Visa
U46,Mr. Bryan Henderson,diana17@example.net,835.995.5735x3318,Emilymouth,Visa
U47,Ryan Bryant,kyle49@example.org,001-613-842-2389x114,West Meganberg,PayPal
U48,Thomas Gallagher,matthewcampbell@example.net,001-251-270-5421x7373,Matthewfort,MasterCard
U49,Renee Becker,martinezmelody@example.com,515-728-7417x49696,East Danielview,PayPal
U50,Jennifer Smith,swood@example.net,329.999.7633x71368,New Stacy,Visa
U51,Spencer Wilkerson,nicolebrown@example.net,707-539-2841,Port Becky,PayPal
U52,Lisa Frederick,leebryan@example.com,803-621-8158x8325,East Antonioton,Visa
U53,Lisa West,matthewlucas@example.com,+1-665-454-3081x50141,Edwardfort,MasterCard
U54,Dean Weaver,shared2@test.com,524-459-5770x6159,Hicksborough,PayPal
U55,Sarah Petersen,nelsonjacob@example.com,988-952-5061,Lake Brett,MasterCard
U56,Rita Cox,kimberly24@example.com,5898213276,Joshuahaven,PayPal
U57,Nicholas Hernandez,david61@example.org,(659)867-3900,South Christopherbury,Visa
U58,Peter Taylor,amanda86@example.org,725-805-7617x7785,Melaniemouth,PayPal
U59,Roberto Peterson,jonathan70@example.net,688-713-9969x87327,North Jocelynhaven,Visa
U60,Danny Lyons,erica46@example.com,(736)660-8216x9677,Krystalfurt,PayPal
U61,Dr. Amanda Moore,christopher64@example.org,(543)286-8014,New Lisa,PayPal
U62,Amber Horne,zgarza@example.com,001-720-740-7939x8166,Courtneyhaven,Visa
U63,Joshua Ramirez,mduran@example.org,8967052984,West Kevinberg,Visa
U64,Kimberly Johnson,tcross@example.net,476-915-2555x6035,Patriciahaven,Visa
U65,Jennifer Scott,sandra98@example.org,740-820-1342,Fieldsport,Visa
U66,Bradley West,powersmichael@example.org,932.673.7342,Prestonfurt,Visa
U67,Troy Carrillo MD,jennifer21@example.org,246-487-4290x950,West Diana,MasterCard
U68,Kenneth Stephens,wmyers@example.com,683.542.0586,South Paul,PayPal
U69,Mario Hendricks,goldenlarry@example.net,(800)459-8425x299,Padillaville,Visa
U70,Lauren Rosario,mccoyjohnny@example.com,(768)397-5906x74193,Lake Rosestad,MasterCard
U71,Elizabeth Daniels,andrew89@example.com,3563783718,Howardside,MasterCard
U72,Jeremy Schaefer,crystal17@example.org,459-972-3034x202,Phillipsville,Visa
U73,Jessica Guerra,matthew88@example.com,9999999993,Lake Heathershire,PayPal
U74,Amanda Howell,robinkane@example.com,(740)258-7035x7321,Garrettstad,Visa
U75,Mary Mcmahon,michaelwilkins@example.com,975.478.1312x9672,New Nicholashaven,MasterCard
U76,Krystal Greene,joshuasalinas@example.org,(355)500-3045x6426,Port Steven,MasterCard
U77,Ryan Morris,randallnicole@example.org,2129567479,Edwardschester,PayPal
U78,Regina Ward,shared2@test.com,+1-588-810-5738x064,South Brian,Visa
U79,Melissa Dorsey,martinezlarry@example.com,(477)482-9390,North William,MasterCard
U80,Daniel Weaver,xbrown@example.com,+1-977-941-6671x71724,West Michaelhaven,Visa
U81,Carol Sellers,angelahall@example.net,206.322.3448,Port Jeffrey,Visa
U82,Randall Hood,jennifer97@example.net,(532)239-0344,Matthewview,MasterCard
U83,Joseph Andrews,angela86@example.org,001-604-350-4855x0121,Hollowaymouth,PayPal
U84,Daniel Hawkins,madisonperez@example.com,001-558-443-1358x5598,East Gabrielle,MasterCard
U85,Casey Medina,clarkpaul@example.com,916-230-3976x2632,Wangport,Visa
U86,Eric Torres,shared3@test.com,+1-263-492-4336,Amyfort,Visa
U87,Dustin James,thomasmartin@example.net,001-865-385-6296x654,Gordonland,PayPal
U88,Michael Brown,ggross@example.com,9999999993,East Matthewmouth,Visa
U89,Tiffany Pierce,cheryl16@example.com,(351)910-6972,Glennshire,MasterCard
U90,Dr. Richard Grimes,bjohnson@example.net,749.851.9691x4064,New Dennisfort,MasterCard
U91,Mr. Robert Mcdonald,caseymeagan@example.net,001-703-256-4941,Lake Andrew,Visa
U92,Courtney Hernandez,barbarajohnson@example.org,001-881-725-7022,Christianberg,Visa
U93,Brendan Richardson,ewebb@example.org,3778041832,Grayshire,PayPal
U94,Craig Hodge,etaylor@example.org,001-773-318-8877,Jamesmouth,PayPal
U95,Andrea Sullivan,pmorris@example.org,646.423.4017,Dustinbury,Visa
U96,Christine Fields,rschwartz@example.net,001-796-243-0719x9586,Andersonville,PayPal
U97,Stephanie Wright,sherryrichard@example.net,001-318-638-3860x8747,Fieldsfurt,PayPal
U98,Judy Hall,johnselizabeth@example.com,001-577-992-0585,New Jacob,MasterCard
U99,Jose Bradford,graybrandi@example.org,+1-430-750-3738x56772,East Becky,Visa
U100,Kevin Castro,linda59@example.org,+1-598-675-1893x35337,Wayneport,Visa
U101,Elijah Park,susangonzalez@example.org,(440)778-4259x80688,Smithchester,MasterCard
U102,Roger Miller,bradleyfisher@example.com,+1-238-477-3840x7320,East Cindy,Visa
U103,Dylan Scott DVM,elizabethpeterson@example.org,6275648635,East Alan,MasterCard
U104,Jasmin Garcia,ypeterson@example.org,458.701.3303x2995,Jamesmouth,PayPal
U105,Wesley Cross,hollyparks@example.com,904-854-0060x83232,New Trevor,Visa
U106,Cassandra Wilkins,chelseasmith@example.org,970.845.3366,New John,Visa
U107,Kristin Jordan,brittneyjohnson@example.net,+1-371-313-9106,Strongport,MasterCard
U108,Cynthia Lee,riveraemily@example.org,+1-456-284-9765x7997,Lake Raymond,PayPal
U109,Jeffery Baxter,aenglish@example.net,704-225-6664x417,Mcclainshire,Visa
U110,Thomas Peterson,swarren@example.com,9999999992,Jacksonhaven,PayPal
U111,Brandon Wilkerson,bpage@example.org,(770)305-6961,New Chelsea,Visa
U112,Kristy Flores,melanieramirez@example.com,879.986.0830,Tylerport,Visa
U113,Ryan Reid,tommy60@example.com,(576)469-5963x50945,South Rachaelfort,PayPal
U114,Julia Reyes,beverly82@example.com,885.782.8851x4062,Mcculloughport,MasterCard
U115,Barbara Mcdaniel,arellanoadam@example.org,(870)853-7077,Rebeccaland,PayPal
U116,Jennifer Lopez,deckeralexa@example.com,(533)856-0622x931,East Patriciafurt,Visa
U117,David Lane,sabrina85@example.com,9999999992,Johnsonfort,Visa
U118,Tammy Stein,alexis43@example.org,613.485.2419x7511,East Annebury,MasterCard
U119,Catherine Greene,shared3@test.com,+1-349-586-6537x332,North Katrina,Visa
U120,Anne Wells,shared1@test.com,336-778-0302x27888,South Sherrystad,PayPal
U121,Lori Robles,shared2@test.com,(371)890-6730x720,Jonesborough,MasterCard
U122,Andrew Horton,farrelleugene@example.org,4557366940,Shafferbury,PayPal
U123,Brandi Gross,shared1@test.com,453.234.4023x00761,East Colleen,PayPal
U124,Gerald Rodriguez,tlee@example.org,444.749.5066x95860,Brianstad,PayPal
U125,Matthew Lewis,petersonmichael@example.net,+1-605-833-0632x37169,Port Barbarafurt,MasterCard
U126,Michael Roy,shared3@test.com,6523909845,South Beth,MasterCard
U127,Brittany Brown,pbrown@example.org,996.462.6484,Jeremiahborough,Visa
U128,Christopher Perez,pkim@example.org,+1-324-639-4606x470,Perezmouth,Visa
U129,Kevin Turner,hendersonjessica@example.net,001-947-651-3553x242,Foxburgh,PayPal
U130,Jillian Smith,vpratt@example.org,789.746.5496,Christianborough,PayPal
U131,Marie Stokes,raymond85@example.org,774.702.4559x9130,Bakerborough,MasterCard
U132,Jennifer Newman,jessica05@example.com,(724)859-0294x835,East David,MasterCard
U133,Melody Rice,deanna86@example.com,001-568-277-1014x673,South Jessica,Visa
U134,Isaiah Hester,jonathan90@example.net,(432)585-4931x08282,Reedborough,Visa
U135,Caleb Davis,wrightmelissa@example.org,492.653.0988,West Erica,PayPal
U136,Erin Alvarez,shared2@test.com,001-932-979-6128x298,Vanceville,MasterCard
U137,Jonathan Hogan,charles17@example.com,480.632.9975x7217,Roberthaven,Visa
U138,Matthew Atkins,richardhaynes@example.net,(857)546-4235x568,West Ashleyland,MasterCard
U139,Mark Gardner,david65@example.org,3984252807,Johnland,MasterCard
U140,Pamela Smith,wilsontravis@example.com,(810)768-2722x072,East Mark,Visa
U141,Victoria Jackson,kimberlybeck@example.net,+1-444-757-9910x6831,West Joshua,PayPal
U142,Abigail Schneider,conniebarrett@example.org,625.950.9996x01833,Joditown,PayPal
U143,Mark Waters,mcguirebrian@example.com,(465)800-0342x402,North Kevin,MasterCard
U144,Connie Johnson,shared2@test.com,544.854.1954,New Lisamouth,MasterCard
U145,Dr. Alexandra Sanchez,hurleysamantha@example.net,285.727.3512x8515,Johnside,Visa
U146,Nancy Brown,deanna80@example.com,+1-440-661-2022x7975,Bennettport,Visa
U147,Joseph Miranda,leslie51@example.org,(693)720-9575,New Arielmouth,Visa
U148,Jennifer Williams,christopherherrera@example.org,001-570-646-0527,South Jennifer,MasterCard
U149,Suzanne Wilson,maldonadotammy@example.com,524.374.6070x278,Port James,Visa
U150,Jennifer Ali,cynthiagarner@example.org,(377)262-1378x990,Aaronfurt,PayPal
U151,Sarah Hansen,scottwilliam@example.com,+1-614-236-2720x296,Carneyville,MasterCard
U152,Jennifer Anderson,mwilkinson@example.com,(724)417-5843x37725,Scottmouth,Visa
U153,Debbie Hall,mitchelldenise@example.net,001-833-335-7970x84617,Lindsayland,MasterCard
U154,Latoya Lopez,david99@example.net,+1-677-494-0566,Timothyburgh,Visa
U155,Mary Macdonald,christy98@example.com,9999999993,West Laura,PayPal
U156,Tracy Wright,vsnyder@example.com,(404)491-2677x634,Port Caitlin,MasterCard
U157,Bradley Wheeler,samanthaglass@example.net,846.648.4996,Jonesmouth,PayPal
U158,Judith Villarreal,crystalwalker@example.com,001-357-624-5964x74343,North Josephhaven,Visa
U159,Terry Allen,jacksonlisa@example.org,885.924.8585x6014,North Sabrina,Visa
U160,Tara Gutierrez,samuelshea@example.org,871-601-8702,West Kevinport,MasterCard
U161,Valerie Gutierrez,anna00@example.org,9999999991,North Alice,Visa
U162,Suzanne Robertson,maria47@example.org,9999999993,Matthewshire,Visa
U163,Jeremiah Jones,williamskelly@example.net,339.711.8529x6222,Bennettview,MasterCard
U164,Brian Gonzalez,walkerjames@example.com,450-602-5050x9528,Mooreport,Visa
U165,Diane Juarez,monica06@example.net,811-603-5495x92662,Port Tracy,Visa
U166,John Combs,lisafoster@example.org,+1-487-439-2514x0799,West Gary,MasterCard
U167,Kathy Sanders,robertarnold@example.org,9999999991,Edwardsville,Visa
U168,Valerie Bullock,shared3@test.com,531.254.8178x096,West Tracy,PayPal
U169,Mark Rogers,edward70@example.com,6179726226,West Williamside,MasterCard
U170,Gloria Lopez,lisakelly@example.org,+1-325-977-4490x3374,Seanmouth,Visa
U171,William Daniel,hayley08@example.net,(352)441-9210x2669,Craigfurt,PayPal
U172,Jeffrey Anderson,mary37@example.com,991.858.1409,South Jessica,Visa
U173,Ricky Taylor,hcruz@example.org,(229)604-7834x415,Cortezside,MasterCard
U174,Garrett Munoz,kyleleon@example.org,9999999992,Charlesshire,PayPal
U175,Kristy James,shared3@test.com,9999999992,Curtisborough,Visa
U176,James Welch,leah55@example.net,(586)905-2441x3655,Port Aliciachester,Visa
U177,Johnathan Olsen,courtney94@example.com,001-761-474-8096x7051,Turnertown,Visa
U178,Juan Tucker,shared2@test.com,521.968.0632,Port Theresahaven,Visa
U179,Cynthia Armstrong,mclaughlinellen@example.net,+1-373-947-9940,New Edwardport,Visa
U180,Michael Taylor,berickson@example.org,+1-649-569-8044,Lake Amanda,Visa
U181,Dr. Sheila Stuart,shared1@test.com,001-369-474-8699x24361,Ballardmouth,PayPal
U182,Cynthia Rush,daniel91@example.com,3238412026,Clementsstad,PayPal
U183,Michele Drake,amber99@example.org,405-808-9394x45204,West Peter,Visa
U184,Eric James,shared2@test.com,001-358-733-4958x9105,Mistyville,PayPal
U185,Brandon Peterson,omartin@example.org,538.688.2098x63533,North Logan,PayPal
U186,Lindsay Rojas,rcline@example.com,001-647-799-1316x061,South Kenneth,PayPal
U187,Kristen Newton,afoster@example.net,(906)740-9761x95235,Braunborough,PayPal
U188,Brian Owens,byrdryan@example.com,(291)397-9002x80045,Christopherview,PayPal
U189,Courtney Hester,amay@example.com,001-752-339-3431x032,Randyborough,Visa
U190,Ronald Lyons,harrellmark@example.net,693.237.2263,West Ryan,Visa
U191,Rebecca Wilkinson,codyenglish@example.com,+1-283-953-3947x64397,Logantown,PayPal
U192,Morgan Miller,charles87@example.com,+1-442-957-8336,South Steven,PayPal
U193,Wayne Roberson,michael31@example.org,(744)437-1926,North Jamie,PayPal
U194,Lisa Anderson,tamara26@example.org,9999999991,Melissashire,MasterCard
U195,Denise Murphy,carriebryant@example.com,564-264-0602,East Sean,PayPal
U196,Perry Haley,josephhoward@example.org,432-394-6444x90040,West Troymouth,MasterCard
U197,Jeremy Diaz,bakerkevin@example.com,982.827.6863x79305,North Jacquelinefurt,Visa
U198,Brian Santana,rodneywebster@example.com,001-744-890-0559x6802,Gilesbury,MasterCard
U199,Mr. Timothy Robinson,george79@example.net,+1-679-859-2303x1078,New Madisonfurt,PayPal
U200,Kathy Gill,rroberts@example.com,9999999993,Lake Ruthmouth,MasterCard
U201,Stephanie Chan,melissa40@example.com,001-559-665-0325,Lake Matthew,PayPal
U202,Rebecca Mccoy,qestrada@example.com,355.309.9500x02173,Cynthiafort,MasterCard
U203,Donna Lane,frederickdaniel@example.org,880.885.7365x91267,Lake Paul,PayPal
U204,Nicole Torres,smorales@example.net,9999999992,Teresastad,MasterCard
U205,Curtis Walters,john63@example.org,718-567-1368,Scottborough,Visa
U206,Michael Valencia,zmalone@example.com,983-633-7685x583,New Cameronburgh,MasterCard
U207,Kevin Smith,charlesjohnson@example.com,482.792.6310x01022,Danielmouth,PayPal
U208,Dustin George,robertjohnson@example.net,9999999993,New Carlaville,MasterCard
U209,Dana Perez,john28@example.com,(274)604-7745x305,Lake Travisside,Visa
U210,John Hernandez,qcrawford@example.net,001-963-587-8608x4731,Floresborough,MasterCard
U211,Kenneth Fernandez,xchambers@example.com,9884728173,East Bruce,Visa
U212,Sherry Wade,pgallagher@example.net,592-306-7632x48821,Jasonchester,Visa
U213,Brian Mason,shared2@test.com,+1-543-952-9718x7698,New Erik,MasterCard
U214,Amy Campbell,jasonfisher@example.net,9349389123,Jacquelineport,Visa
U215,Melissa Pierce,stephendurham@example.org,001-733-807-2708x55846,New Jennifer,PayPal
U216,Kenneth Best,shared3@test.com,365.549.3900x978,West Royberg,MasterCard
U217,Courtney Bowman,martinkevin@example.org,644.241.0952x8495,Justinmouth,PayPal
U218,April Woodward,adamstammy@example.com,001-513-343-0905,Lake Gregorymouth,PayPal
U219,Carrie Clark,roachdaniel@example.net,+1-441-407-3968,New Tammiefurt,PayPal
U220,Joel Waller,kathleenroberts@example.org,(323)202-2472x198,East Johntown,PayPal
U221,Amanda Hall,miguelromero@example.net,612-785-7157x787,East Joanside,PayPal
U222,Danielle Skinner,shared1@test.com,256.390.8840x638,Mitchellton,Visa
U223,William Johnson MD,claudia00@example.com,3243727657,Gonzalezmouth,PayPal
U224,Peter Lee,shared1@test.com,431-325-1124x1822,Lake Brooke,MasterCard
U225,Joshua Briggs,johnsonrachel@example.org,(618)684-1380x670,Cynthiaview,PayPal
U226,Felicia Smith,jmartinez@example.org,+1-806-703-5435x347,Lewisview,PayPal
U227,Michael Mueller,ozhang@example.net,9999999993,Port Kayla,MasterCard
U228,Carlos Wright,brownjames@example.net,469-468-9172x309,Port Arthur,Visa
U229,Jeffery Davis,ytaylor@example.com,477-896-5070x90900,Davidchester,MasterCard
U230,David Gregory,wrowe@example.com,+1-246-431-5142x595,Lake Lisaville,PayPal
U231,Rebecca Banks,gschneider@example.net,863.553.2164,Wallaceville,MasterCard
U232,Christina Schmidt,shared3@test.com,977.648.6700x300,Lake Kim,MasterCard
U233,Julia Bradshaw,juliafox@example.com,595-367-5556x68995,Ginabury,PayPal
U234,Terry Skinner,hunterwebb@example.com,(989)301-9848x157,West Susanshire,PayPal
U235,Savannah Cole,adrienne53@example.org,301.467.2798x57887,Rebeccaberg,PayPal
U236,Cynthia Li,simmonsmonique@example.net,(572)262-1810,New Nicholas,MasterCard
U237,Charles Calderon,lisa18@example.net,951-949-6145x72777,Greenland,PayPal
U238,Bryan Campbell,sarapatterson@example.net,+1-325-286-5737,Port Jeffreystad,MasterCard
U239,Mrs. Nicole Parker,penaanna@example.net,001-825-410-3193x9234,Craigtown,PayPal
U240,Jack Dougherty,fbanks@example.com,2695626779,Kennethborough,PayPal
U241,Erin Larsen,jamesbecker@example.org,254-905-9788x9521,Lake Stacy,Visa
U242,Nicole Burke,lindseywaller@example.com,(434)527-9887x375,Stevenland,Visa
U243,John Lewis,shawbrian@example.com,689.428.4588x00776,East Troyberg,MasterCard
U244,Brian Hudson,shared2@test.com,9999999992,Charlesbury,PayPal
U245,Craig Lopez,lgalvan@example.net,340.898.0026,Arnoldborough,PayPal
U246,Mrs. Denise Collins,austin73@example.net,514-326-0850,Jessicaville,Visa
U247,Angela Gray,shared1@test.com,435.786.4805x9886,Moranborough,Visa
U248,David Gonzalez,tammysilva@example.net,9999999993,Port Bradymouth,MasterCard
U249,Michael Davis,ffarmer@example.net,9999999993,Leemouth,MasterCard
U250,Matthew Turner,harrisonrachel@example.com,(428)551-2487,Paulhaven,MasterCard
U251,Gerald Mcintosh,jmitchell@example.com,9999999991,South Jacobborough,Visa
U252,Kimberly Roberson,pamelacox@example.net,949-268-6921,Lake Valeriemouth,Visa
U253,Timothy Allen,martinezjennifer@example.net,276-551-6455x6002,Port Jon,Visa
U254,Suzanne Davis,perrymarie@example.com,284-841-6663x413,Audreyburgh,Visa
U255,Kristina Riley,jamessims@example.net,001-377-327-0631x176,Lloydberg,Visa
U256,David Lam,laura82@example.net,655.250.5087,Lake Elizabeth,Visa
U257,John Hess,davidwerner@example.org,+1-578-244-8565x3343,Mathismouth,MasterCard
U258,Shelley Mays,rileydenise@example.net,830-466-6613,Snyderberg,MasterCard
U259,Mitchell Martin,melanie18@example.com,9999999993,East Kristen,Visa
U260,Patricia Sanders,sara06@example.org,001-348-967-6583x8492,Marthamouth,Visa
U261,Hailey Merritt,fruiz@example.com,298-991-6391x2115,Kristenmouth,PayPal
U262,Connor Hunter,caldwellphilip@example.net,965.592.8547x2669,Laurenshire,PayPal
U263,Rhonda Gonzalez,shared1@test.com,9999999993,Freemanchester,Visa
U264,Lisa Hernandez,zfoster@example.com,385.380.9839x159,Tylerfort,Visa
U265,Rachael Chambers,mistyelliott@example.net,744.982.4157x93524,Williamsmouth,PayPal
U266,Heather Marshall,osimmons@example.org,479-405-0724,New Sherriland,Visa
U267,James Strong,weaverphilip@example.com,542-911-6629x271,Alyssaborough,Visa
U268,Sandra Gomez,shared3@test.com,+1-987-925-6381x592,Travisview,PayPal
U269,Jaime Barry,akim@example.org,978.568.2890x103,Lake Maureenview,PayPal
U270,Frank Vasquez,mrichardson@example.org,(675)369-6990,East Nancy,MasterCard
U271,Holly Reese,laurabrown@example.com,+1-502-662-7546,Phyllisside,PayPal
U272,Tammy Cook,shared3@test.com,9999999993,North Jacqueline,PayPal
U273,Richard Green,shared2@test.com,001-982-426-1171x4943,Lake Katiefort,Visa
U274,Dale Hutchinson,bellsamantha@example.com,+1-446-311-2047,Davidtown,MasterCard
U275,Terrence Elliott,smithtimothy@example.org,357.723.6776,Serranoview,Visa
U276,Anne Wilcox,fryemichelle@example.net,(895)494-9956,Kimberlytown,Visa
U277,Elizabeth Warner,shared3@test.com,499-455-9295,North Donald,PayPal
U278,Stanley Simmons,michelle01@example.org,001-428-407-9749x32305,Jenniferburgh,MasterCard
U279,Joseph Peterson,shared3@test.com,508-932-1294x6939,North Jasonburgh,Visa
U280,Vincent Harris,jennifer51@example.com,9999999992,West Jennifer,MasterCard
U281,Tammie West,shared2@test.com,702.788.3902x22950,South Brandonborough,Visa
U282,Joe Torres MD,dominique71@example.org,886-427-4863,South Marieside,Visa
U283,Ashley Strickland,katrinablanchard@example.com,(698)467-7746x636,Singhland,MasterCard
U284,Kyle Davis,mary56@example.org,001-809-772-9455x730,Jacquelineland,MasterCard
U285,Douglas Oliver,zgreene@example.com,+1-933-702-5999x029,New Amanda,PayPal
U286,Jacqueline Wells,transamuel@example.org,(420)837-5687x0385,Port Jacquelineton,Visa
U287,Julie Nelson,gary08@example.com,+1-695-454-3008,South Keithview,PayPal
U288,Zachary Ross,johnsonjoseph@example.org,593.338.2237x51224,Bonniefort,MasterCard
U289,David Acosta,amy71@example.com,(294)875-2216x822,Kellitown,Visa
U290,Diane Johnson,pricejoshua@example.org,788.751.6192x56060,Keithburgh,Visa
U291,Jay Allen,timothy77@example.com,349-439-5614x242,West Nathan,MasterCard
U292,Amy Murphy,andrea48@example.com,001-252-203-7132,Blankenshipshire,Visa
U293,Taylor Tate,joe27@example.net,9999999991,Katiestad,MasterCard
U294,Tonya Brown,allison78@example.com,9999999991,Woodstown,Visa
U295,Martha House,pruiz@example.com,+1-587-406-5689,Cynthiashire,Visa
U296,Kelsey Price,rossstephanie@example.com,+1-485-601-5048,West Christopher,Visa
U297,Diana Hubbard,stephenleonard@example.net,4468481826,Victoriastad,MasterCard
U298,Taylor Lutz,jimmy21@example.net,(897)567-1729x24670,South Marytown,MasterCard
U299,Derek Foster,emma13@example.net,(552)823-1415,Donaldtown,MasterCard
U300,Steven Diaz,laurencannon@example.com,(353)390-9918,Alyssaville,Visa
U301,Alexis Ewing,lamallen@example.org,245.899.7900x120,Chavezville,MasterCard
U302,Corey Gibson,elizabeth56@example.org,001-368-576-0018x6095,Bettymouth,Visa
U303,Rhonda Foley,kimberly65@example.org,9999999991,East Peterhaven,PayPal
U304,Lori Johnson,gtran@example.com,+1-829-570-2016x69863,East Diamondfurt,MasterCard
U305,Misty Miller,brianasmith@example.com,(889)592-6047,East Ryan,MasterCard
U306,Yesenia Schmitt,phillipsrobert@example.com,+1-957-786-0314x3644,Brendaview,PayPal
U307,Courtney Patterson,jennifer25@example.com,(673)622-6456x68523,East Josephhaven,Visa
U308,Michael Wood,sgarcia@example.net,001-256-209-4661x92769,Thompsonmouth,PayPal
U309,Mary Weeks,matthewmcdowell@example.org,227-950-0070x52252,Wrightland,MasterCard
U310,Joshua Cochran,cassielamb@example.org,493-307-1211x3359,Lake Jason,MasterCard
U311,Zachary Perkins,megan19@example.com,765-816-2066,South Alexandriaview,Visa
U312,Ann Sweeney,joshua36@example.org,001-448-547-6571x090,Gonzalezview,MasterCard
U313,Luis Sanchez,mathewsmichael@example.com,+1-319-434-9865x8685,Port Nicholasburgh,PayPal
U314,Michele Bishop,obrienbrian@example.net,4988366933,Lopezfurt,MasterCard
U315,Anne Farley,lopezlori@example.org,(263)421-0562,New Bethanyland,PayPal
U316,Dr. Rachel Sandoval,jasminehumphrey@example.net,920-326-2573x1417,Wendyfurt,PayPal
U317,Jill Moyer,seanmccoy@example.net,+1-877-892-9302x304,Davilaside,PayPal
U318,Diana Curry,joshua69@example.com,+1-622-296-4448x6782,Lake Deniseshire,PayPal
U319,Tracy Allen,lrodriguez@example.com,+1-639-553-2312,Lake Kimberlyhaven,PayPal
U320,Jason Mcdowell,annerichardson@example.net,495-912-4469,North Ethanmouth,Visa
U321,Savannah Hill,samanthashaw@example.com,494-347-2545x44213,New Seanbury,PayPal
U322,Christie Martin,bethyoung@example.com,(493)973-9586,New Michelle,Visa
U323,Brooke White,afox@example.net,719.468.2104,New Timothy,MasterCard
U324,Emily Aguilar,sue55@example.org,862-427-6949x295,Thomashaven,PayPal
U325,Arthur Lawrence,awilliams@example.org,001-305-650-4641x49862,North Nathanside,MasterCard
U326,Jamie Grant,sarathompson@example.com,(807)719-4260,New Karenhaven,Visa
U327,Katherine Jones,courtney25@example.com,(369)700-7818,Bentonfurt,Visa
U328,Kristin Stephens,amber77@example.org,918.406.0181x8567,East Brandon,MasterCard
U329,Nathan Brown,patricia27@example.org,262-229-0419x02130,East Robertshire,MasterCard
U330,Ryan Thompson,qfischer@example.org,9578286581,Lake Christopherberg,Visa
U331,Melinda Ward,tterry@example.org,9999999991,Lake Angelashire,MasterCard
U332,Joanne Taylor,ryan59@example.net,001-919-937-7825x3315,Derrickfurt,PayPal
U333,Megan Stephenson,heatherwebb@example.com,(657)237-4304,New Aaronstad,PayPal
U334,Amy Arroyo,lferguson@example.org,(338)944-5209x80003,Saraview,Visa
U335,Andrew Ryan,samuel36@example.net,279.816.0401x9031,North Scottport,PayPal
U336,John Macias,hmccoy@example.net,001-557-919-2670x33048,South Tamaraborough,PayPal
U337,Julie Mccarthy,fpoole@example.com,(382)877-8437,East Scottton,MasterCard
U338,Pamela Clark,haleyvalentine@example.org,642.461.8062,Armstrongport,PayPal
U339,Stacy Brown,laurenzhang@example.org,(912)254-2346x09615,East Melissa,MasterCard
U340,Debra Patterson,christineortiz@example.org,001-664-253-2174x6150,Rojashaven,Visa
U341,Kurt Cain,lisawalker@example.org,001-862-678-4776x1972,West Elizabeth,Visa
U342,Ethan Stewart,ellen72@example.net,+1-510-291-4946x512,West Virginia,PayPal
U343,Donna Barnes,walkerjessica@example.org,938-680-7368x03306,Navarrobury,Visa
U344,Lance Rasmussen,greeneric@example.org,580-563-6000x89010,Chaneybury,Visa
U345,Julia Ford,fhughes@example.com,9999999991,East Scott,Visa
U346,Shirley Snyder,sarahreid@example.org,9033812851,Shepardton,MasterCard
U347,Allen Hall,thomassanders@example.net,+1-960-773-4701x45610,Lake Hannah,MasterCard
U348,Vanessa Martinez,nelsonmary@example.org,(887)542-4236x02809,Alexandrabury,MasterCard
U349,Kristen Gaines,mathewwagner@example.org,001-330-340-0775,Marthaland,PayPal
U350,Steven Little,eileen06@example.com,5368424885,Michaelstad,MasterCard
U351,Dustin Diaz,willie33@example.org,980-230-5841,West Kariton,MasterCard
U352,Alice Bennett,angel49@example.com,845-942-0227x94609,North Robert,MasterCard
U353,Oscar Johnson,shared3@test.com,001-591-239-9188x373,North Joan,MasterCard
U354,Mrs. Ruth Jenkins MD,shared2@test.com,(788)948-2627x73691,Lestermouth,Visa
U355,Cynthia Bonilla,rodneywright@example.org,+1-654-635-9322x74331,South Johnton,PayPal
U356,Susan Walls,juliewilliams@example.com,592-902-7831,New Lindseyfort,PayPal
U357,Alice Torres,heather91@example.net,9999999991,Lake Margaret,MasterCard
U358,Kiara Hernandez,davidarnold@example.com,615-898-8336,Gonzalezfurt,MasterCard
U359,Jared Wang,mckeematthew@example.com,337-934-1174x523,East Amy,MasterCard
U360,Jennifer Cameron,alexluna@example.net,526.335.2452x81068,South Christopherfort,PayPal
U361,Tonya Williams,heatherholt@example.com,+1-901-230-4442x648,South Erin,Visa
U362,Troy Fernandez,danielburke@example.net,001-662-576-1881x392,New Jonathantown,PayPal
U363,Yolanda Grant,paulrosario@example.org,815.477.8743x83389,Ramirezhaven,Visa
U364,Jason Greene,collin08@example.com,+1-943-794-1248x70833,Sarahmouth,MasterCard
U365,James Frye,david59@example.net,(234)315-9431,East Nancy,Visa
U366,Beth Rowe,hodgeskatie@example.com,9999999991,Brittanyfurt,MasterCard
U367,Heather Rose,audreyyork@example.com,+1-710-625-9727x34965,Rebeccafurt,Visa
U368,Sabrina Joseph,harrisgregory@example.com,800.423.8363x73344,Perezfort,MasterCard
U369,Michael Padilla,valdezjennifer@example.org,569-871-1102x2464,Bradleyview,PayPal
U370,Donna Nelson,everettscott@example.net,9999999993,South Mary,MasterCard
U371,Andrea Johnson,shared2@test.com,(702)240-6795x98803,North Kurtbury,Visa
U372,Dustin Ross,joneselizabeth@example.com,9999999992,New James,PayPal
U373,Matthew Peterson,hannahgoodman@example.org,+1-715-987-3562x714,Austinberg,PayPal
U374,Tyrone Small,johnwilliams@example.org,+1-908-498-0961,Daisyville,PayPal
U375,Kimberly Edwards,raymond70@example.net,+1-291-402-3967x11195,Mcguireborough,MasterCard
U376,Allen Garcia,martinezjanice@example.net,529.864.4976x27711,Randallview,PayPal
U377,Helen Stevenson,pettyjulie@example.org,001-841-978-4313,Reneefurt,PayPal
U378,Kimberly Bartlett,kara51@example.org,700-630-0141x134,Parsonsside,MasterCard
U379,Christopher Brown,sarahgates@example.org,9999999993,Kennethland,PayPal
U380,Laura James,kathleen51@example.org,9999999991,Calvinburgh,MasterCard
U381,Kelly Hall,tbaldwin@example.net,+1-341-632-3580x146,West Maria,PayPal
U382,Randy Raymond,jeremy91@example.org,248-269-7739,Zacharyland,Visa
U383,Aimee Ballard,matthew24@example.org,6127090783,Sandrastad,MasterCard
U384,Alexander Miller,jamesjohnson@example.org,(244)310-3201x2422,Waltersbury,PayPal
U385,Philip Sheppard,amy50@example.org,3976014360,Stephenfort,Visa
U386,Mark Hudson,aevans@example.net,706.939.6948x4394,Lake Shanehaven,Visa
U387,Olivia Craig,williamcurtis@example.com,001-257-425-3237x3155,Port Bethanychester,Visa
U388,Tyler Bentley,salasjanice@example.org,748.338.8571x886,Debraland,PayPal
U389,Lisa Clark,stevenwilliams@example.net,432-738-6723,Wallacehaven,Visa
U390,Jackson Ortiz,fquinn@example.org,001-748-486-1835x63824,West Melissa,Visa
U391,Martin Guerra,henryjames@example.com,323-493-8070,Lake Joseph,MasterCard
U392,David Ortega,shared3@test.com,(280)666-1010,Milesburgh,Visa
U393,Bailey Hall,psmith@example.com,696-280-2756x439,Martinshire,PayPal
U394,Tina Hernandez,geraldsmith@example.com,+1-476-268-0752x11524,Port Laura,PayPal
U395,Arthur Taylor,denisehampton@example.com,559.396.2005x7555,Port Markmouth,MasterCard
U396,Randy Owens,kristinetorres@example.org,001-301-709-2481x366,North Jesse,PayPal
U397,Kimberly Tapia,rollinsvicki@example.com,+1-443-900-4656x3083,New Ronaldchester,MasterCard
U398,Ronald Brown,zmcmahon@example.com,618-876-8213,Lauraberg,MasterCard
U399,Lindsay Brown,cbrown@example.net,9999999992,South Shannonberg,Visa
U400,Thomas Byrd,gregorysantos@example.net,515.905.0441x0276,Bellbury,Visa
U401,Jeffrey Wheeler,veronica14@example.com,+1-846-807-5291,South Jennifer,PayPal
U402,David Johnson,kruegerdevin@example.org,338.497.2318,West Ashley,Visa
U403,Tiffany Jennings,russocatherine@example.net,392.265.0078,Port Erik,MasterCard
U404,Diamond Powell,jocelyn12@example.com,934.756.8160,Leebury,PayPal
U405,Luke Brown,castillobrenda@example.com,001-780-882-1889x72721,East Davidfurt,Visa
U406,Rebecca Butler,qwright@example.net,001-921-663-4495x7976,East Michaelshire,PayPal
U407,James Anderson,connie06@example.org,873-490-9872x56740,Marthahaven,Visa
U408,Jacqueline Sanders,gkirby@example.com,+1-454-956-6569x6270,Levihaven,MasterCard
U409,Thomas Martinez,michellewilson@example.com,774.348.7116x60323,Derektown,Visa
U410,Valerie Cruz,steelerebecca@example.net,(403)939-6428x248,Port Alejandro,PayPal
U411,Rachel Kelley,smithjason@example.net,584.752.3122,West Jose,PayPal
U412,Anthony Taylor,salasjoshua@example.net,(904)854-8686x074,East Angela,PayPal
U413,Wyatt Harris,alexandrafranklin@example.org,(936)651-8765x9404,Kochport,Visa
U414,Edward Fields,daustin@example.org,+1-507-688-5626x43321,North Sarah,Visa
U415,Todd Gray,montoyakenneth@example.net,001-523-432-9079x0138,East Melissabury,PayPal
U416,Tiffany Eaton,thomasroy@example.org,491-424-5359,North Lisamouth,Visa
U417,Mark Blanchard,dfletcher@example.org,782.202.4688,Kelleyport,PayPal
U418,Lisa Nguyen,thomaswhite@example.org,+1-921-289-0008x203,Robinsonland,MasterCard
U419,Eric Duran,carlos37@example.com,8754952662,Jonesport,Visa
U420,Logan Bush,lopezgeorge@example.com,6599143600,Petersfurt,MasterCard
U421,Leslie Marshall,hullpatricia@example.org,9999999993,East Jamie,Visa
U422,Keith Matthews,cruzjames@example.com,693-448-5565x732,Penamouth,MasterCard
U423,Dale Collins,rebecca34@example.net,(632)749-9199x023,Kington,MasterCard
U424,Dawn Russo,jonestimothy@example.net,+1-555-740-3610x0724,North John,Visa
U425,Tyler Campbell,mendozakimberly@example.org,(901)455-7238x9450,East Robert,Visa
U426,Christopher Allen,timothy09@example.org,607.329.3212,Andersonfurt,MasterCard
U427,Robert Walsh,connersandra@example.org,291.622.5156x9052,Whiteville,PayPal
U428,Ronald Griffith,amanda62@example.net,9999999991,East Antonio,PayPal
U429,Melanie Knight,levyjohn@example.org,481.856.3309x437,New Sheri,PayPal
U430,Kyle Patrick,oweeks@example.net,959.911.5700x155,West Janetville,Visa
U431,Kimberly Bradford,barbarajones@example.org,6059620894,Port Frankburgh,PayPal
U432,Kelsey Olsen,scottjones@example.net,933-985-5012x13503,East Andrew,PayPal
U433,Gilbert Higgins,shared2@test.com,691-890-1728x77304,Port Heatherbury,PayPal
U434,Cody Wilson,jeanette11@example.net,7998311755,Bookertown,PayPal
U435,Lacey Diaz,qwoodard@example.org,529.642.2357x3495,Garnermouth,PayPal
U436,Sean Huang,uwilson@example.com,626.863.0888x864,North Collinville,PayPal
U437,Christina Alvarado,bryantkathy@example.net,320-873-4751,East Yvettebury,Visa
U438,Traci Hughes,hayeskylie@example.com,(328)755-4628x77951,Port Timothyfort,PayPal
U439,Alexis Johnson,anthonymitchell@example.com,860-823-3268x8887,Kristinaville,Visa
U440,Nicole Martinez,masonryan@example.org,774.818.8833x5874,South Samuel,PayPal
U441,John Lee,ehowell@example.org,928-465-0553,Williamtown,PayPal
U442,Lisa Rodriguez,andreacarroll@example.com,(970)657-7970,Lake Joshuafort,Visa
U443,Emily Vincent,knightmichelle@example.net,+1-626-805-9534,East Travis,PayPal
U444,Jacob Prince,zbennett@example.org,916-744-1211x88744,Lake Stephentown,Visa
U445,Terry Young,sarah84@example.net,732-659-3776x879,Fosterbury,PayPal
U446,Michael Bell,edwin26@example.org,001-617-811-7738x1953,South Charlene,MasterCard
U447,Brooke Snyder,eparker@example.net,268.544.2074,North Kim,MasterCard
U448,Nicholas Manning,amandadiaz@example.com,(836)242-9021,Garyhaven,PayPal
U449,Kyle Brady,scott67@example.net,+1-774-793-1842x819,Owensland,PayPal
U450,James Pham,diazkimberly@example.com,253-524-1597x537,Garychester,PayPal
U451,Richard Bond,shared3@test.com,437.485.4357x760,Lake Alechaven,MasterCard
U452,William Martin,valerie17@example.org,233.308.6131,Lake Raymond,PayPal
U453,Ashley Burke,javier76@example.org,(578)373-0059,Kevinland,MasterCard
U454,Sydney Harvey,juan57@example.org,734-892-8227,Cindyborough,MasterCard
U455,Brandy Trevino,lynchjames@example.net,718-592-0842x53798,Smithtown,PayPal
U456,Brianna Gill,william74@example.org,922.731.0519x055,South Russell,PayPal
U457,Robert Ward,abigail91@example.net,(910)709-2144,West Benjamintown,MasterCard
U458,Douglas Gross,kathleenmoore@example.com,634.540.3384x99810,Port John,PayPal
U459,Ryan Jones Jr.,patrick71@example.net,403-304-8810x4115,North Sarahton,MasterCard
U460,Elizabeth Martinez,stephanie73@example.com,626.687.5333x45518,Nicholston,PayPal
U461,James Choi,qmartin@example.net,756.560.7477,Howardton,PayPal
U462,Mary Douglas,amanda39@example.org,416.982.3427x897,New Shannonborough,MasterCard
U463,James Trevino MD,lynchkaitlin@example.net,001-622-225-1076x040,Stacytown,MasterCard
U464,Timothy Jarvis,denisestark@example.net,9999999992,West Melanie,Visa
U465,Bianca Monroe,huffmanedwin@example.net,+1-484-896-2275,New Herbert,PayPal
U466,Brittany Lee,shared3@test.com,+1-409-596-7121x600,East Mariaberg,Visa
U467,Cameron Wells,javier97@example.net,(227)876-5833x992,New Joseph,PayPal
U468,Diane Ball,dmason@example.com,9999999992,Lisamouth,PayPal
U469,Jeffrey Cunningham,shared2@test.com,(948)863-0845x375,West Jeremyton,Visa
U470,John Clark,shared3@test.com,(881)747-5173x40772,Port Dana,PayPal
U471,John Merritt,macdonaldchristopher@example.net,(221)499-0542,Vickichester,Visa
U472,Lauren Myers,jill31@example.com,001-211-423-2172x442,Beckyland,PayPal
U473,Mr. Jacob Simmons DDS,odavis@example.com,001-411-485-2894x7929,Collinsfort,MasterCard
U474,Kevin Kelly,shared1@test.com,773.462.3643,New Samanthaborough,Visa
U475,Sara Joyce,lrogers@example.net,+1-203-527-9321x0876,Jamesview,MasterCard
U476,Adam Bonilla,qwhite@example.org,9999999992,Garcialand,Visa
U477,Danielle Stevenson,dalton26@example.com,836-630-0706x5135,South Tracy,PayPal
U478,Paul Grant,jwallace@example.net,001-703-450-9798x36610,West Paulview,MasterCard
U479,Renee Dorsey,rollinsmark@example.org,(651)637-5669x80928,Philiptown,MasterCard
U480,Victor Hobbs,carollove@example.com,+1-816-282-2091x4585,Port Sharon,Visa
U481,Jay Merritt,emcgrath@example.org,439-484-7447x571,Sanderston,Visa
U482,Michael Taylor,amyroberts@example.org,9999999993,Cardenasside,MasterCard
U483,Jeffrey Bernard,swilliams@example.net,(528)547-9854,New Jacqueline,Visa
U484,Martin Kelley,jesseschroeder@example.net,(944)266-5370,Bakerchester,PayPal
U485,Richard Curry,zfitzgerald@example.net,384.923.8621x2547,North Benjaminview,PayPal
U486,Chad Crawford,sonya87@example.com,001-448-640-8608x589,Mcgeeland,Visa
U487,Jordan Yoder,angela51@example.org,(964)558-1993x790,East Sandraview,MasterCard
U488,Nicole Case,wallbrian@example.org,+1-646-341-1996x964,Andrewburgh,Visa
U489,Holly Williams,shared3@test.com,9999999993,Hahnmouth,MasterCard
U490,Kayla Hardin,lucasrichards@example.net,001-485-377-9507,Lorishire,Visa
U491,Todd Parrish,riverajoy@example.net,(498)441-5000x186,Dannyview,Visa
U492,Daniel Ross,rebeccafleming@example.org,(200)996-7841x4060,New Jamesland,MasterCard
U493,Heather Higgins,daniellefields@example.com,001-700-569-3706,Stephaniehaven,PayPal
U494,Emily Ross,brandonnorris@example.org,632.495.9187x88684,Port Edward,PayPal
U495,Cynthia Martin,vcontreras@example.net,755-767-2336x32282,Adamsshire,MasterCard
U496,Matthew Travis,millerjeffrey@example.com,(807)703-8059,Richardport,MasterCard
U497,Michelle Thomas,shared2@test.com,9999999991,Russoville,PayPal
U498,Robert Valentine,hlutz@example.org,9999999992,Michaelchester,Visa
U499,Toni Crawford,samuel07@example.com,977-378-3550x4225,West Connor,Visa
U500,Joshua Padilla,julieherrera@example.org,522.754.6139x91163,Port Timothy,MasterCard
